{
  "project_info": {
    "project_number": "550421294302",
    "firebase_url": "https://api-project-550421294302.firebaseio.com",
    "project_id": "api-project-550421294302",
    "storage_bucket": "api-project-550421294302.appspot.com"
  },
  "client": [
    {
      "client_info": {
        "mobilesdk_app_id": "1:550421294302:android:124fb458c462ea82",
        "android_client_info": {
          "package_name": "com.bengalishaadi.android"
        }
      },
      "oauth_client": [
        {
          "client_id": "550421294302-msuaoss7pofvbgipfeh1r6ac2183p223.apps.googleusercontent.com",
          "client_type": 3
        },
        {
          "client_id": "550421294302-ucekfqo94689aqb228m69jlkpp4qcrca.apps.googleusercontent.com",
          "client_type": 3
        }
      ],
      "api_key": [
        {
          "current_key": "AIzaSyBTwj92ygXAeQHJAn7zVf9al59UkgGtnvw"
        }
      ],
      "services": {
        "analytics_service": {
          "status": 1
        },
        "appinvite_service": {
          "status": 1,
          "other_platform_oauth_client": []
        },
        "ads_service": {
          "status": 2
        }
      }
    },
    {
      "client_info": {
        "mobilesdk_app_id": "1:550421294302:android:eba7d5aeaba74711",
        "android_client_info": {
          "package_name": "com.gujaratishaadi.android"
        }
      },
      "oauth_client": [
        {
          "client_id": "550421294302-msuaoss7pofvbgipfeh1r6ac2183p223.apps.googleusercontent.com",
          "client_type": 3
        },
        {
          "client_id": "550421294302-ucekfqo94689aqb228m69jlkpp4qcrca.apps.googleusercontent.com",
          "client_type": 3
        }
      ],
      "api_key": [
        {
          "current_key": "AIzaSyBTwj92ygXAeQHJAn7zVf9al59UkgGtnvw"
        }
      ],
      "services": {
        "analytics_service": {
          "status": 1
        },
        "appinvite_service": {
          "status": 1,
          "other_platform_oauth_client": []
        },
        "ads_service": {
          "status": 2
        }
      }
    },
    {
      "client_info": {
        "mobilesdk_app_id": "1:550421294302:android:09395c648135ba5f",
        "android_client_info": {
          "package_name": "com.kannadashaadi.android"
        }
      },
      "oauth_client": [
        {
          "client_id": "550421294302-msuaoss7pofvbgipfeh1r6ac2183p223.apps.googleusercontent.com",
          "client_type": 3
        },
        {
          "client_id": "550421294302-ucekfqo94689aqb228m69jlkpp4qcrca.apps.googleusercontent.com",
          "client_type": 3
        }
      ],
      "api_key": [
        {
          "current_key": "AIzaSyBTwj92ygXAeQHJAn7zVf9al59UkgGtnvw"
        }
      ],
      "services": {
        "analytics_service": {
          "status": 1
        },
        "appinvite_service": {
          "status": 1,
          "other_platform_oauth_client": []
        },
        "ads_service": {
          "status": 2
        }
      }
    },
    {
      "client_info": {
        "mobilesdk_app_id": "1:550421294302:android:fac0fea4e0a4db50",
        "android_client_info": {
          "package_name": "com.malayaleeshaadi.android"
        }
      },
      "oauth_client": [
        {
          "client_id": "550421294302-msuaoss7pofvbgipfeh1r6ac2183p223.apps.googleusercontent.com",
          "client_type": 3
        },
        {
          "client_id": "550421294302-ucekfqo94689aqb228m69jlkpp4qcrca.apps.googleusercontent.com",
          "client_type": 3
        }
      ],
      "api_key": [
        {
          "current_key": "AIzaSyBTwj92ygXAeQHJAn7zVf9al59UkgGtnvw"
        }
      ],
      "services": {
        "analytics_service": {
          "status": 1
        },
        "appinvite_service": {
          "status": 1,
          "other_platform_oauth_client": []
        },
        "ads_service": {
          "status": 2
        }
      }
    },
    {
      "client_info": {
        "mobilesdk_app_id": "1:550421294302:android:9d4898b1e54a54ac",
        "android_client_info": {
          "package_name": "com.marathishaadi.android"
        }
      },
      "oauth_client": [
        {
          "client_id": "550421294302-msuaoss7pofvbgipfeh1r6ac2183p223.apps.googleusercontent.com",
          "client_type": 3
        },
        {
          "client_id": "550421294302-ucekfqo94689aqb228m69jlkpp4qcrca.apps.googleusercontent.com",
          "client_type": 3
        }
      ],
      "api_key": [
        {
          "current_key": "AIzaSyBTwj92ygXAeQHJAn7zVf9al59UkgGtnvw"
        }
      ],
      "services": {
        "analytics_service": {
          "status": 1
        },
        "appinvite_service": {
          "status": 1,
          "other_platform_oauth_client": []
        },
        "ads_service": {
          "status": 2
        }
      }
    },
    {
      "client_info": {
        "mobilesdk_app_id": "1:550421294302:android:6fee199f38a4c7d9",
        "android_client_info": {
          "package_name": "com.odiashaadi.android"
        }
      },
      "oauth_client": [
        {
          "client_id": "550421294302-msuaoss7pofvbgipfeh1r6ac2183p223.apps.googleusercontent.com",
          "client_type": 3
        },
        {
          "client_id": "550421294302-ucekfqo94689aqb228m69jlkpp4qcrca.apps.googleusercontent.com",
          "client_type": 3
        }
      ],
      "api_key": [
        {
          "current_key": "AIzaSyBTwj92ygXAeQHJAn7zVf9al59UkgGtnvw"
        }
      ],
      "services": {
        "analytics_service": {
          "status": 1
        },
        "appinvite_service": {
          "status": 1,
          "other_platform_oauth_client": []
        },
        "ads_service": {
          "status": 2
        }
      }
    },
    {
      "client_info": {
        "mobilesdk_app_id": "1:550421294302:android:acf9744c8842ddc8",
        "android_client_info": {
          "package_name": "com.punjabishaadi.android"
        }
      },
      "oauth_client": [
        {
          "client_id": "550421294302-msuaoss7pofvbgipfeh1r6ac2183p223.apps.googleusercontent.com",
          "client_type": 3
        },
        {
          "client_id": "550421294302-ucekfqo94689aqb228m69jlkpp4qcrca.apps.googleusercontent.com",
          "client_type": 3
        }
      ],
      "api_key": [
        {
          "current_key": "AIzaSyBTwj92ygXAeQHJAn7zVf9al59UkgGtnvw"
        }
      ],
      "services": {
        "analytics_service": {
          "status": 1
        },
        "appinvite_service": {
          "status": 1,
          "other_platform_oauth_client": []
        },
        "ads_service": {
          "status": 2
        }
      }
    },
    {
      "client_info": {
        "mobilesdk_app_id": "1:550421294302:android:4cdf13f1b8ac1be4",
        "android_client_info": {
          "package_name": "com.shaadi.android"
        }
      },
      "oauth_client": [
        {
          "client_id": "550421294302-msuaoss7pofvbgipfeh1r6ac2183p223.apps.googleusercontent.com",
          "client_type": 3
        },
        {
          "client_id": "550421294302-ucekfqo94689aqb228m69jlkpp4qcrca.apps.googleusercontent.com",
          "client_type": 3
        }
      ],
      "api_key": [
        {
          "current_key": "AIzaSyBTwj92ygXAeQHJAn7zVf9al59UkgGtnvw"
        }
      ],
      "services": {
        "analytics_service": {
          "status": 2,
          "analytics_property": {
            "tracking_id": "UA-26370134-1"
          }
        },
        "appinvite_service": {
          "status": 1,
          "other_platform_oauth_client": []
        },
        "ads_service": {
          "status": 2
        }
      }
    },
    {
      "client_info": {
        "mobilesdk_app_id": "1:550421294302:android:5d2246cc7f9de220",
        "android_client_info": {
          "package_name": "com.shaadi.bengaliShaadiLite"
        }
      },
      "oauth_client": [
        {
          "client_id": "550421294302-msuaoss7pofvbgipfeh1r6ac2183p223.apps.googleusercontent.com",
          "client_type": 3
        },
        {
          "client_id": "550421294302-ucekfqo94689aqb228m69jlkpp4qcrca.apps.googleusercontent.com",
          "client_type": 3
        }
      ],
      "api_key": [
        {
          "current_key": "AIzaSyBTwj92ygXAeQHJAn7zVf9al59UkgGtnvw"
        }
      ],
      "services": {
        "analytics_service": {
          "status": 1
        },
        "appinvite_service": {
          "status": 1,
          "other_platform_oauth_client": []
        },
        "ads_service": {
          "status": 2
        }
      }
    },
    {
      "client_info": {
        "mobilesdk_app_id": "1:550421294302:android:6dcf57e572999fe3",
        "android_client_info": {
          "package_name": "com.shaadi.gujaratiShaadiLite"
        }
      },
      "oauth_client": [
        {
          "client_id": "550421294302-msuaoss7pofvbgipfeh1r6ac2183p223.apps.googleusercontent.com",
          "client_type": 3
        },
        {
          "client_id": "550421294302-ucekfqo94689aqb228m69jlkpp4qcrca.apps.googleusercontent.com",
          "client_type": 3
        }
      ],
      "api_key": [
        {
          "current_key": "AIzaSyBTwj92ygXAeQHJAn7zVf9al59UkgGtnvw"
        }
      ],
      "services": {
        "analytics_service": {
          "status": 1
        },
        "appinvite_service": {
          "status": 1,
          "other_platform_oauth_client": []
        },
        "ads_service": {
          "status": 2
        }
      }
    },
    {
      "client_info": {
        "mobilesdk_app_id": "1:550421294302:android:8bdf038b7891c074",
        "android_client_info": {
          "package_name": "com.shaadi.hindiShaadiLite"
        }
      },
      "oauth_client": [
        {
          "client_id": "550421294302-msuaoss7pofvbgipfeh1r6ac2183p223.apps.googleusercontent.com",
          "client_type": 3
        },
        {
          "client_id": "550421294302-ucekfqo94689aqb228m69jlkpp4qcrca.apps.googleusercontent.com",
          "client_type": 3
        }
      ],
      "api_key": [
        {
          "current_key": "AIzaSyBTwj92ygXAeQHJAn7zVf9al59UkgGtnvw"
        }
      ],
      "services": {
        "analytics_service": {
          "status": 1
        },
        "appinvite_service": {
          "status": 1,
          "other_platform_oauth_client": []
        },
        "ads_service": {
          "status": 2
        }
      }
    },
    {
      "client_info": {
        "mobilesdk_app_id": "1:550421294302:android:0f1244f06057fe29",
        "android_client_info": {
          "package_name": "com.shaadi.kannadaShaadiLite"
        }
      },
      "oauth_client": [
        {
          "client_id": "550421294302-msuaoss7pofvbgipfeh1r6ac2183p223.apps.googleusercontent.com",
          "client_type": 3
        },
        {
          "client_id": "550421294302-ucekfqo94689aqb228m69jlkpp4qcrca.apps.googleusercontent.com",
          "client_type": 3
        }
      ],
      "api_key": [
        {
          "current_key": "AIzaSyBTwj92ygXAeQHJAn7zVf9al59UkgGtnvw"
        }
      ],
      "services": {
        "analytics_service": {
          "status": 1
        },
        "appinvite_service": {
          "status": 1,
          "other_platform_oauth_client": []
        },
        "ads_service": {
          "status": 2
        }
      }
    },
    {
      "client_info": {
        "mobilesdk_app_id": "1:550421294302:android:675330d6c1d1ac3c",
        "android_client_info": {
          "package_name": "com.shaadi.malayaleeShaadiLite"
        }
      },
      "oauth_client": [
        {
          "client_id": "550421294302-msuaoss7pofvbgipfeh1r6ac2183p223.apps.googleusercontent.com",
          "client_type": 3
        },
        {
          "client_id": "550421294302-ucekfqo94689aqb228m69jlkpp4qcrca.apps.googleusercontent.com",
          "client_type": 3
        }
      ],
      "api_key": [
        {
          "current_key": "AIzaSyBTwj92ygXAeQHJAn7zVf9al59UkgGtnvw"
        }
      ],
      "services": {
        "analytics_service": {
          "status": 1
        },
        "appinvite_service": {
          "status": 1,
          "other_platform_oauth_client": []
        },
        "ads_service": {
          "status": 2
        }
      }
    },
    {
      "client_info": {
        "mobilesdk_app_id": "1:550421294302:android:fcc444202aaf1aef",
        "android_client_info": {
          "package_name": "com.shaadi.marathiShaadiLite"
        }
      },
      "oauth_client": [
        {
          "client_id": "550421294302-msuaoss7pofvbgipfeh1r6ac2183p223.apps.googleusercontent.com",
          "client_type": 3
        },
        {
          "client_id": "550421294302-ucekfqo94689aqb228m69jlkpp4qcrca.apps.googleusercontent.com",
          "client_type": 3
        }
      ],
      "api_key": [
        {
          "current_key": "AIzaSyBTwj92ygXAeQHJAn7zVf9al59UkgGtnvw"
        }
      ],
      "services": {
        "analytics_service": {
          "status": 1
        },
        "appinvite_service": {
          "status": 1,
          "other_platform_oauth_client": []
        },
        "ads_service": {
          "status": 2
        }
      }
    },
    {
      "client_info": {
        "mobilesdk_app_id": "1:550421294302:android:1fe5d060658f2ac5",
        "android_client_info": {
          "package_name": "com.shaadi.punjabiShaadiLite"
        }
      },
      "oauth_client": [
        {
          "client_id": "550421294302-msuaoss7pofvbgipfeh1r6ac2183p223.apps.googleusercontent.com",
          "client_type": 3
        },
        {
          "client_id": "550421294302-ucekfqo94689aqb228m69jlkpp4qcrca.apps.googleusercontent.com",
          "client_type": 3
        }
      ],
      "api_key": [
        {
          "current_key": "AIzaSyBTwj92ygXAeQHJAn7zVf9al59UkgGtnvw"
        }
      ],
      "services": {
        "analytics_service": {
          "status": 1
        },
        "appinvite_service": {
          "status": 1,
          "other_platform_oauth_client": []
        },
        "ads_service": {
          "status": 2
        }
      }
    },
    {
      "client_info": {
        "mobilesdk_app_id": "1:550421294302:android:a6489934a929409f",
        "android_client_info": {
          "package_name": "com.shaadi.shaadilite"
        }
      },
      "oauth_client": [
        {
          "client_id": "550421294302-msuaoss7pofvbgipfeh1r6ac2183p223.apps.googleusercontent.com",
          "client_type": 3
        },
        {
          "client_id": "550421294302-ucekfqo94689aqb228m69jlkpp4qcrca.apps.googleusercontent.com",
          "client_type": 3
        }
      ],
      "api_key": [
        {
          "current_key": "AIzaSyBTwj92ygXAeQHJAn7zVf9al59UkgGtnvw"
        }
      ],
      "services": {
        "analytics_service": {
          "status": 1
        },
        "appinvite_service": {
          "status": 1,
          "other_platform_oauth_client": []
        },
        "ads_service": {
          "status": 2
        }
      }
    },
    {
      "client_info": {
        "mobilesdk_app_id": "1:550421294302:android:925ab010f003108e",
        "android_client_info": {
          "package_name": "com.shaadi.tamilShaadiLite"
        }
      },
      "oauth_client": [
        {
          "client_id": "550421294302-msuaoss7pofvbgipfeh1r6ac2183p223.apps.googleusercontent.com",
          "client_type": 3
        },
        {
          "client_id": "550421294302-ucekfqo94689aqb228m69jlkpp4qcrca.apps.googleusercontent.com",
          "client_type": 3
        }
      ],
      "api_key": [
        {
          "current_key": "AIzaSyBTwj92ygXAeQHJAn7zVf9al59UkgGtnvw"
        }
      ],
      "services": {
        "analytics_service": {
          "status": 1
        },
        "appinvite_service": {
          "status": 1,
          "other_platform_oauth_client": []
        },
        "ads_service": {
          "status": 2
        }
      }
    },
    {
      "client_info": {
        "mobilesdk_app_id": "1:550421294302:android:d489673c17ec505f",
        "android_client_info": {
          "package_name": "com.shaadi.teluguShaadiLite"
        }
      },
      "oauth_client": [
        {
          "client_id": "550421294302-msuaoss7pofvbgipfeh1r6ac2183p223.apps.googleusercontent.com",
          "client_type": 3
        },
        {
          "client_id": "550421294302-ucekfqo94689aqb228m69jlkpp4qcrca.apps.googleusercontent.com",
          "client_type": 3
        }
      ],
      "api_key": [
        {
          "current_key": "AIzaSyBTwj92ygXAeQHJAn7zVf9al59UkgGtnvw"
        }
      ],
      "services": {
        "analytics_service": {
          "status": 1
        },
        "appinvite_service": {
          "status": 1,
          "other_platform_oauth_client": []
        },
        "ads_service": {
          "status": 2
        }
      }
    },
    {
      "client_info": {
        "mobilesdk_app_id": "1:550421294302:android:73e79a7869d194dc",
        "android_client_info": {
          "package_name": "com.tamilshaadi.android"
        }
      },
      "oauth_client": [
        {
          "client_id": "550421294302-msuaoss7pofvbgipfeh1r6ac2183p223.apps.googleusercontent.com",
          "client_type": 3
        },
        {
          "client_id": "550421294302-ucekfqo94689aqb228m69jlkpp4qcrca.apps.googleusercontent.com",
          "client_type": 3
        }
      ],
      "api_key": [
        {
          "current_key": "AIzaSyBTwj92ygXAeQHJAn7zVf9al59UkgGtnvw"
        }
      ],
      "services": {
        "analytics_service": {
          "status": 1
        },
        "appinvite_service": {
          "status": 1,
          "other_platform_oauth_client": []
        },
        "ads_service": {
          "status": 2
        }
      }
    },
    {
      "client_info": {
        "mobilesdk_app_id": "1:550421294302:android:fb5de81df9e27e8f",
        "android_client_info": {
          "package_name": "com.telugushaadi.android"
        }
      },
      "oauth_client": [
        {
          "client_id": "550421294302-msuaoss7pofvbgipfeh1r6ac2183p223.apps.googleusercontent.com",
          "client_type": 3
        },
        {
          "client_id": "550421294302-ucekfqo94689aqb228m69jlkpp4qcrca.apps.googleusercontent.com",
          "client_type": 3
        }
      ],
      "api_key": [
        {
          "current_key": "AIzaSyBTwj92ygXAeQHJAn7zVf9al59UkgGtnvw"
        }
      ],
      "services": {
        "analytics_service": {
          "status": 1
        },
        "appinvite_service": {
          "status": 1,
          "other_platform_oauth_client": []
        },
        "ads_service": {
          "status": 2
        }
      }
    }
  ],
  "configuration_version": "1"
}